position,,,,,,,Mic_07,Mic_08,Mic_09,Mic_10,Mic_11,Mic_12,Mic_13,Mic_14,Mic_15,Mic_16,Mic_17,Mic_18,Mic_19,Mic_20,Mic_21,Mic_22,Mic_23,Mic_24,Mic_25,Mic_26,Mic_27,Mic_28,Mic_29,Mic_30,Mic_31,Mic_32,Mic_33,Mic_34,Mic_35,Mic_36,Mic_37,Mic_38,Mic_39,Mic_40,Mic_41,Mic_42,Mic_43,Mic_44,Mic_45,Mic_46,Mic_47,Mic_48
0,0,0,0,0,0,0,3.025531,2.972137,-4.336461,-4.299532,2.991612,2.957331,0.222623,0.180193,-0.190862,-0.179481,0,0,0,0,0,0,0,0,0,0,0,0,0,0,0,0,0,0,0,0,0,0,0,0,0,0,0,0,0,0,0,0
6,0,0,0,0,0,0,3.226726,3.174134,-4.171881,-4.138297,2.244578,2.212543,0.923887,0.892945,0.398429,0.403843,0,0,0,0,0,0,0,0,0,0,0,0,0,0,0,0,0,0,0,0,0,0,0,0,0,0,0,0,0,0,0,0
13,0,0,0,0,0,0,3.413194,3.361701,-3.979222,-3.949535,1.439251,1.409598,1.738169,1.720299,1.080247,1.078885,0,0,0,0,0,0,0,0,0,0,0,0,0,0,0,0,0,0,0,0,0,0,0,0,0,0,0,0,0,0,0,0
19,0,0,0,0,0,0,3.606802,3.556215,-3.793387,-3.767574,0.730724,0.703153,2.385473,2.37801,1.629772,1.62296,0,0,0,0,0,0,0,0,0,0,0,0,0,0,0,0,0,0,0,0,0,0,0,0,0,0,0,0,0,0,0,0
26,0,0,0,0,0,0,3.770699,3.721816,-3.561837,-3.540583,-0.023702,-0.049273,3.083352,3.086758,2.227095,2.214554,0,0,0,0,0,0,0,0,0,0,0,0,0,0,0,0,0,0,0,0,0,0,0,0,0,0,0,0,0,0,0,0
32,0,0,0,0,0,0,3.922103,3.875125,-3.317954,-3.300804,-0.677258,-0.701065,3.584062,3.595159,2.670892,2.654074,0,0,0,0,0,0,0,0,0,0,0,0,0,0,0,0,0,0,0,0,0,0,0,0,0,0,0,0,0,0,0,0
38,0,0,0,0,0,0,4.036696,3.992319,-3.034325,-3.021687,-1.292701,-1.314947,3.986733,4.00376,3.043944,3.023692,0,0,0,0,0,0,0,0,0,0,0,0,0,0,0,0,0,0,0,0,0,0,0,0,0,0,0,0,0,0,0,0
45,0,0,0,0,0,0,4.075145,4.035195,-2.676323,-2.668697,-1.903791,-1.924834,4.329543,4.350871,3.384544,3.361571,0,0,0,0,0,0,0,0,0,0,0,0,0,0,0,0,0,0,0,0,0,0,0,0,0,0,0,0,0,0,0,0
51,0,0,0,0,0,0,4.069765,4.034805,-2.296957,-2.293349,-2.392056,-2.411832,4.461957,4.484297,3.561338,3.5372,0,0,0,0,0,0,0,0,0,0,0,0,0,0,0,0,0,0,0,0,0,0,0,0,0,0,0,0,0,0,0,0
57,0,0,0,0,0,0,3.990328,3.9618,-1.873016,-1.873171,-2.805952,-2.824748,4.44602,4.466711,3.630433,3.606361,0.077786,0.077295,0,0,0,0,0,0,0,0,0,0,0,0,0,0,0,0,0,0,0,0,0,0,0,0,0,0,0,0,0,0
64,0,0,0,0,0,0,3.780061,3.760046,-1.374099,-1.377758,-3.148528,-3.166208,4.290788,4.306916,3.611914,3.58946,0.212819,0.21147,0,0,0,0,0,0,0,0,0,0,0,0,0,0,0,0,0,0,0,0,0,0,0,0,0,0,0,0,0,0
70,0,0,0,0,0,0,3.554376,3.542199,-0.893572,-0.899755,-3.387506,-3.404143,4.01946,4.029967,3.503065,3.483119,0.352918,0.350792,0,0,0,0,0,0,0,0,0,0,0,0,0,0,0,0,0,0,0,0,0,0,0,0,0,0,0,0,0,0
77,0,0,0,0,0,0,3.198761,3.195846,-0.363276,-0.371392,-3.545613,-3.560941,3.627652,3.630533,3.330067,3.314028,0.570447,0.56745,0,0,0,0,0,0,0,0,0,0,0,0,0,0,0,0,0,0,0,0,0,0,0,0,0,0,0,0,0,0
83,0,0,0,0,0,0,2.869469,2.875358,0.126107,0.117286,-3.641357,-3.656112,3.198162,3.193941,3.127539,3.116673,0.786102,0.783409,0,0,0,0,0,0,0,0,0,0,0,0,0,0,0,0,0,0,0,0,0,0,0,0,0,0,0,0,0,0
89,0,0,0,0,0,0,2.514264,2.523676,0.610307,0.6009,-3.690001,-3.702421,2.722616,2.712274,2.911501,2.90333,1.04092,1.03714,0,0,0,0,0,0,0,0,0,0,0,0,0,0,0,0,0,0,0,0,0,0,0,0,0,0,0,0,0,0
96,0,0,0,0,0,0,2.058121,2.074711,1.122286,1.112775,-3.691121,-3.701676,2.1728,2.155196,2.683973,2.682892,1.405622,1.400445,0,0,0,0,0,0,0,0,0,0,0,0,0,0,0,0,0,0,0,0,0,0,0,0,0,0,0,0,0,0
102,0,0,0,0,0,0,1.689424,1.708652,1.595155,1.586014,-3.696917,-3.706031,1.65312,1.630951,2.483559,2.487892,1.749122,1.743502,0,0,0,0,0,0,0,0,0,0,0,0,0,0,0,0,0,0,0,0,0,0,0,0,0,0,0,0,0,0
107,0,0,0,0,0,0,1.394867,1.414553,1.987427,1.97888,-3.701107,-3.709023,1.211639,1.186996,2.3355,2.344388,2.062912,2.057063,0,0,0,0,0,0,0,0,0,0,0,0,0,0,0,0,0,0,0,0,0,0,0,0,0,0,0,0,0,0
113,0,0,0,0,0,0,1.047964,1.066404,2.403896,2.396458,-3.686088,-3.69287,0.689069,0.663153,2.215557,2.229666,2.469739,2.463741,0,0,0,0,0,0,0,0,0,0,0,0,0,0,0,0,0,0,0,0,0,0,0,0,0,0,0,0,0,0
118,0,0,0,0,0,0,0.804756,0.82091,2.765627,2.758968,-3.651417,-3.657472,0.179614,0.153964,2.119531,2.137555,2.784696,2.778603,0,0,0,0,0,0,0,0,0,0,0,0,0,0,0,0,0,0,0,0,0,0,0,0,0,0,0,0,0,0
123,0,0,0,0,0,0,0.589928,0.603121,3.089003,3.083136,-3.568979,-3.574453,-0.381752,-0.405938,2.054744,2.076102,3.073896,3.067736,0,0,0,0,0,0,0,0,0,0,0,0,0,0,0,0,0,0,0,0,0,0,0,0,0,0,0,0,0,0
128,0,0,0,0,0,0,0.403999,0.41377,3.352289,3.347466,-3.420161,-3.425065,-1.004298,-1.025048,2.029288,2.052861,3.322863,3.316181,0,0,0,0,0,0,0,0,0,0,0,0,0,0,0,0,0,0,0,0,0,0,0,0,0,0,0,0,0,0
134,0,0,0,0,0,0,0.204737,0.210274,3.518802,3.515058,-3.142791,-3.147545,-1.802871,-1.818461,2.100407,2.125354,3.572549,3.566313,0,0,0,0,0,0,0,0,0,0,0,0,0,0,0,0,0,0,0,0,0,0,0,0,0,0,0,0,0,0
139,0,0,0,0,0,0,0.087076,0.089627,3.573888,3.571022,-2.795673,-2.800015,-2.582607,-2.591673,2.196763,2.222569,3.686544,3.680547,0,0,0,0,0,0,0,0,0,0,0,0,0,0,0,0,0,0,0,0,0,0,0,0,0,0,0,0,0,0
144,0,0,0,0,0,0,0,0,3.49434,3.492224,-2.333497,-2.337929,-3.44057,-3.441599,2.367376,2.391979,3.719065,3.713164,0,0,0,0,0,0,0,0,0,0,0,0,0,0,0,0,0,0,0,0,0,0,0,0,0,0,0,0,0,0
149,0,0,0,0,0,0,0,0,3.248294,3.246886,-1.760661,-1.76516,-4.345147,-4.336361,2.645778,2.667793,3.685185,3.679387,-0.166264,-0.173869,0,0,0,0,0,0,0,0,0,0,0,0,0,0,0,0,0,0,0,0,0,0,0,0,0,0,0,0
155,0,0,0,0,0,0,0,0,2.769337,2.768497,-0.982113,-0.987239,-5.433625,-5.411999,3.079209,3.09646,3.587646,3.581828,-0.381497,-0.400427,0,0,0,0,0,0,0,0,0,0,0,0,0,0,0,0,0,0,0,0,0,0,0,0,0,0,0,0
160,0,0,0,0,0,0,0,0,2.307521,2.306991,-0.257132,-0.262677,-6.331293,-6.298783,3.40277,3.415389,3.435959,3.430074,-0.570385,-0.599523,0,0,0,0,0,0,0,0,0,0,0,0,0,0,0,0,0,0,0,0,0,0,0,0,0,0,0,0
165,0,0,0,0,0,0,0,0,1.802213,1.80196,0.479947,0.474479,-7.147498,-7.104619,3.666374,3.674258,3.258932,3.252884,-0.729245,-0.768324,0,0,0,0,0,0,0,0,0,0,0,0,0,0,0,0,0,0,0,0,0,0,0,0,0,0,0,0
170,0,0,0,0,0,0,0,0,1.290922,1.290774,1.195247,1.189967,-7.835332,-7.783507,3.818833,3.822164,3.073604,3.067418,-0.833181,-0.880943,0,0,0,0,0,0,0,0,0,0,0,0,0,0,0,0,0,0,0,0,0,0,0,0,0,0,0,0
176,0,0,0,0,0,0,0,0,0.694999,0.69499,1.940793,1.936597,-8.408419,-8.348838,3.822823,3.821548,2.898717,2.892044,-0.828897,-0.884292,0,0,0,0,0,0,0,0,0,0,0,0,0,0,0,0,0,0,0,0,0,0,0,0,0,0,0,0
181,0,0,0,0,0,0,0,0,0.29505,0.295004,2.483784,2.481113,-8.646198,-8.583354,3.555182,3.551494,2.761546,2.754344,-0.720155,-0.778432,0,0,0,0,0,0,0,0,0,0,0,0,0,0,0,0,0,0,0,0,0,0,0,0,0,0,0,0
186,0,0,0,0,0,0,0,0,0,0,2.892319,2.892219,-8.600453,-8.53811,3.017408,3.012733,2.675692,2.667807,-0.473549,-0.530629,0,0,0,0,0,0,0,0,0,0,0,0,0,0,0,0,0,0,0,0,0,0,0,0,0,0,0,0
190,0,0,0,0,0,0,0,0,0,0,3.013453,3.015998,-8.354235,-8.295772,2.393149,2.388883,2.67535,2.66668,-0.150598,-0.203432,0,0,0,0,0,0,0,0,0,0,0,0,0,0,0,0,0,0,0,0,0,0,0,0,0,0,0,0
194,0,0,0,0,0,0,0,0,0,0,3.082381,3.087832,-7.93026,-7.877644,1.610018,1.607216,2.695575,2.686141,0.254463,0.208194,0,0,0,0,0,0,0,0,0,0,0,0,0,0,0,0,0,0,0,0,0,0,0,0,0,0,0,0
197,0,0,0,0,0,0,0,0,0,0,3.146855,3.154362,-7.518766,-7.471196,0.920855,0.919805,2.68153,2.671668,0.579255,0.538918,0,0,0,0,0,0,0,0,0,0,0,0,0,0,0,0,0,0,0,0,0,0,0,0,0,0,0,0
201,0,0,0,0,0,0,0,0,0,0,3.142044,3.151746,-6.877689,-6.837682,-0.011472,-0.009971,2.691676,2.6814,1.078309,1.046468,0,0,0,0,0,0,0,0,0,0,0,0,0,0,0,0,0,0,0,0,0,0,0,0,0,0,0,0
205,0,0,0,0,0,0,0,0,0,0,3.108906,3.119675,-6.169982,-6.137059,-0.957569,-0.953521,2.669138,2.658941,1.602637,1.579104,0,0,0,0,0,0,0,0,0,0,0,0,0,0,0,0,0,0,0,0,0,0,0,0,0,0,0,0
209,0,0,0,0,0,0,0,0,0,0,3.060176,3.071545,-5.437081,-5.411144,-1.866763,-1.859966,2.594192,2.584298,2.131203,2.115115,0,0,0,0,0,0,0,0,0,0,0,0,0,0,0,0,0,0,0,0,0,0,0,0,0,0,0,0
212,0,0,0,0,0,0,0,0,0,0,3.063813,3.074245,-4.887665,-4.865466,-2.518087,-2.509443,2.458269,2.449164,2.494545,2.482802,0,0,0,0,0,0,0,0,0,0,0,0,0,0,0,0,0,0,0,0,0,0,0,0,0,0,0,0
216,0,0,0,0,0,0,0,0,0,0,3.019608,3.027163,-4.21045,-4.191577,-3.235991,-3.225698,2.244926,2.237444,2.98093,2.972659,0,0,0,0,0,0,0,0,0,0,0,0,0,0,0,0,0,0,0,0,0,0,0,0,0,0,0,0
220,0,0,0,0,0,0,0,0,0,0,2.991647,2.994229,-3.612752,-3.594485,-3.787213,-3.776243,1.936162,1.931009,3.42032,3.412345,0,0,0,0,0,0,0,0,0,0,0,0,0,0,0,0,0,0,0,0,0,0,0,0,0,0,0,0
224,0,0,0,0,0,0,0,0,0,0,2.971356,2.967515,-3.077591,-3.057539,-4.188916,-4.178074,1.55082,1.548566,3.808036,3.797922,0,0,0,0,0,0,0,0,0,0,0,0,0,0,0,0,0,0,0,0,0,0,0,0,0,0,0,0
227,0,0,0,0,0,0,0,0,0,0,2.994375,2.984996,-2.681366,-2.658852,-4.427819,-4.417631,1.189484,1.189489,4.033627,4.020912,0,0,0,0,0,0,0,0,0,0,0,0,0,0,0,0,0,0,0,0,0,0,0,0,0,0,0,0
231,0,0,0,0,0,0,0,0,0,0,2.954362,2.937578,-2.182256,-2.155367,-4.63928,-4.63064,0.731095,0.73404,4.323753,4.306923,0,0,0,0,0,0,0,0,0,0,0,0,0,0,0,0,0,0,0,0,0,0,0,0,0,0,0,0
235,0,0,0,0,0,0,0,0,0,0,2.882634,2.858905,-1.665435,-1.633683,-4.785734,-4.779387,0.267489,0.27301,4.556924,4.536237,0,0,0,0,0,0,0,0,0,0,0,0,0,0,0,0,0,0,0,0,0,0,0,0,0,0,0,0
239,0,0,0,0,0,0,0,0,0,0,2.765874,2.736239,-1.102069,-1.065783,-4.899492,-4.89642,-0.17626,-0.169175,4.731005,4.707619,0,0,0,0,0,0,0,0,0,0,0,0,0,0,0,0,0,0,0,0,0,0,0,0,0,0,0,0
242,0,0,0,0,0,0,0,0,0,0,2.679793,2.647039,-0.608379,-0.568627,-4.991819,-4.991143,-0.518489,-0.510625,4.787829,4.763936,0,0,0,0,0,0,0,0,0,0,0,0,0,0,0,0,0,0,0,0,0,0,0,0,0,0,0,0
246,0,0,0,0,0,0,0,0,0,0,2.450335,2.415557,0.107568,0.150377,-5.124249,-5.127601,-0.868679,-0.861157,4.851783,4.82981,0,0,0,0,0,0,0,0,0,0,0,0,0,0,0,0,0,0,0,0,0,0,0,0,0,0,0,0
250,0,0,0,0,0,0,0,0,0,0,2.152677,2.118653,0.940102,0.98422,-5.31684,-5.324703,-1.17344,-1.167932,4.820961,4.80435,0.121511,0.123445,0,0,0,0,0,0,0,0,0,0,0,0,0,0,0,0,0,0,0,0,0,0,0,0,0,0
254,0,0,0,0,0,0,0,0,0,0,1.800702,1.769845,1.8504,1.894144,-5.534515,-5.547574,-1.427219,-1.425099,4.717094,4.708878,0.283609,0.287696,0,0,0,0,0,0,0,0,0,0,0,0,0,0,0,0,0,0,0,0,0,0,0,0,0,0
257,0,0,0,0,0,0,0,0,0,0,1.551099,1.523887,2.579187,2.622258,-5.68997,-5.706851,-1.626193,-1.62691,4.563428,4.562879,0.409735,0.415695,0,0,0,0,0,0,0,0,0,0,0,0,0,0,0,0,0,0,0,0,0,0,0,0,0,0
261,0,0,0,0,0,0,0,0,0,0,1.160905,1.139325,3.501543,3.541983,-5.86219,-5.8838,-1.8401,-1.845821,4.34876,4.358919,0.639912,0.648089,0,0,0,0,0,0,0,0,0,0,0,0,0,0,0,0,0,0,0,0,0,0,0,0,0,0
265,0,0,0,0,0,0,0,0,0,0,0.78038,0.765184,4.357871,4.395333,-5.959133,-5.985278,-2.058911,-2.06935,4.082015,4.103083,0.908639,0.918796,0,0,0,0,0,0,0,0,0,0,0,0,0,0,0,0,0,0,0,0,0,0,0,0,0,0
269,0,0,0,0,0,0,0,0,0,0,0.432225,0.423336,5.096038,5.13012,-5.943638,-5.973633,-2.302098,-2.317176,3.770868,3.801784,1.215253,1.226778,0,0,0,0,0,0,0,0,0,0,0,0,0,0,0,0,0,0,0,0,0,0,0,0,0,0
272,0,0,0,0,0,0,0,0,0,0,0.239547,0.235083,5.56886,5.60059,-5.825366,-5.857307,-2.537353,-2.555529,3.478831,3.515794,1.445488,1.457492,0,0,0,0,0,0,0,0,0,0,0,0,0,0,0,0,0,0,0,0,0,0,0,0,0,0
276,0,0,0,0,0,0,0,0,0,0,0,0,5.97135,6.000021,-5.524212,-5.557992,-2.867934,-2.888849,3.111138,3.153901,1.818476,1.830068,0,0,0,0,0,0,0,0,0,0,0,0,0,0,0,0,0,0,0,0,0,0,0,0,0,0
280,0,0,0,0,0,0,0,0,0,0,0,0,6.039965,6.065993,-5.097902,-5.131543,-3.278098,-3.300088,2.742405,2.787611,2.241783,2.251967,0,0,0,0,0,0,0,0,0,0,0,0,0,0,0,0,0,0,0,0,0,0,0,0,0,0
284,0,0,0,0,0,0,0,0,0,0,0,0,5.941825,5.965833,-4.473046,-4.505405,-3.73179,-3.753824,2.347604,2.391976,2.674175,2.681934,0,0,0,0,0,0,0,0,0,0,0,0,0,0,0,0,0,0,0,0,0,0,0,0,0,0
287,0,0,0,0,0,0,0,0,0,0,0,0,5.823628,5.846784,-3.873885,-3.90464,-4.093681,-4.115142,1.99791,2.039948,2.959264,2.964549,0,0,0,0,0,0,0,0,0,0,0,0,0,0,0,0,0,0,0,0,0,0,0,0,0,0
291,0,0,0,0,0,0,0,0,0,0,0,0,5.516266,5.538482,-3.038819,-3.06665,-4.540285,-4.560248,1.574771,1.612076,3.356669,3.358546,0,0,0,0,0,0,0,0,0,0,0,0,0,0,0,0,0,0,0,0,0,0,0,0,0,0
295,0,0,0,0,0,0,0,0,0,0,0,0,5.143573,5.165413,-2.164444,-2.188762,-4.941604,-4.959546,1.146018,1.177296,3.707895,3.706338,0,0,0,0,0,0,0,0,0,0,0,0,0,0,0,0,0,0,0,0,0,0,0,0,0,0
299,0,0,0,0,0,0,0,0,0,0,0,0,4.74908,4.770909,-1.307942,-1.328484,-5.269265,-5.285022,0.718847,0.743371,3.994516,3.989809,0,0,0,0,0,0,0,0,0,0,0,0,0,0,0,0,0,0,0,0,0,0,0,0,0,0
302,0,0,0,0,0,0,0,0,0,0,0,0,4.504482,4.526706,-0.673731,-0.691314,-5.453378,-5.467428,0.364533,0.384016,4.120163,4.113432,0,0,0,0,0,0,0,0,0,0,0,0,0,0,0,0,0,0,0,0,0,0,0,0,0,0
306,0,0,0,0,0,0,0,0,0,0,0,0,4.176324,4.199074,0.013056,-0.000871,-5.584245,-5.596366,-0.039389,-0.026219,4.253493,4.24502,0,0,0,0,0,0,0,0,0,0,0,0,0,0,0,0,0,0,0,0,0,0,0,0,0,0
310,0,0,0,0,0,0,0,0,0,0,0,0,3.955266,3.97871,0.551222,0.540743,-5.610002,-5.620551,-0.500064,-0.491888,4.213327,4.204116,0.299241,0.300663,0,0,0,0,0,0,0,0,0,0,0,0,0,0,0,0,0,0,0,0,0,0,0,0
314,0,0,0,0,0,0,0,0,0,0,0,0,3.814131,3.838697,0.952125,0.944648,-5.516564,-5.526004,-0.966484,-0.962636,4.058205,4.049335,0.687778,0.690985,0,0,0,0,0,0,0,0,0,0,0,0,0,0,0,0,0,0,0,0,0,0,0,0
317,0,0,0,0,0,0,0,0,0,0,0,0,3.777158,3.802604,1.220526,1.215204,-5.368179,-5.376946,-1.34925,-1.347859,3.846107,3.837949,0.999806,1.004475,0,0,0,0,0,0,0,0,0,0,0,0,0,0,0,0,0,0,0,0,0,0,0,0
321,0,0,0,0,0,0,0,0,0,0,0,0,3.705371,3.731421,1.455805,1.452911,-5.102841,-5.111482,-1.818503,-1.819894,3.548259,3.541529,1.484282,1.490856,0,0,0,0,0,0,0,0,0,0,0,0,0,0,0,0,0,0,0,0,0,0,0,0
325,0,0,0,0,0,0,0,0,0,0,0,0,3.632112,3.65839,1.638169,1.637592,-4.762732,-4.771635,-2.286111,-2.289573,3.202901,3.197982,1.989687,1.998,0,0,0,0,0,0,0,0,0,0,0,0,0,0,0,0,0,0,0,0,0,0,0,0
329,0,0,0,0,0,0,0,0,0,0,0,0,3.527223,3.553212,1.798571,1.800159,-4.362881,-4.372405,-2.749517,-2.75457,2.832986,2.830104,2.489902,2.499634,0,0,0,0,0,0,0,0,0,0,0,0,0,0,0,0,0,0,0,0,0,0,0,0
332,0,0,0,0,0,0,0,0,0,0,0,0,3.438544,3.464062,1.961177,1.964585,-4.014262,-4.024129,-3.117261,-3.123009,2.516564,2.51513,2.819879,2.830303,0,0,0,0,0,0,0,0,0,0,0,0,0,0,0,0,0,0,0,0,0,0,0,0
336,0,0,0,0,0,0,0,0,0,0,0,0,3.203594,3.227664,2.155475,2.161473,-3.545403,-3.555834,-3.565562,-3.571627,2.159611,2.16028,3.247953,3.258814,0,0,0,0,0,0,0,0,0,0,0,0,0,0,0,0,0,0,0,0,0,0,0,0
340,0,0,0,0,0,0,0,0,0,0,0,0,2.862814,2.884446,2.402816,2.411308,-3.057003,-3.068333,-3.999444,-4.005816,1.83651,1.838756,3.603728,3.614169,0,0,0,0,0,0,0,0,0,0,0,0,0,0,0,0,0,0,0,0,0,0,0,0
344,0,0,0,0,0,0,0,0,0,0,0,0,2.436324,2.454846,2.690842,2.702101,-2.559554,-2.571507,-4.407168,-4.413202,1.542831,1.546515,3.885285,3.894691,0,0,0,0,0,0,0,0,0,0,0,0,0,0,0,0,0,0,0,0,0,0,0,0
347,0,0,0,0,0,0,0,0,0,0,0,0,2.103111,2.119098,2.957432,2.970739,-2.158265,-2.170587,-4.702064,-4.707675,1.296831,1.301316,4.01784,4.026153,0,0,0,0,0,0,0,0,0,0,0,0,0,0,0,0,0,0,0,0,0,0,0,0
351,0,0,0,0,0,0,0,0,0,0,0,0,1.600582,1.612789,3.268858,3.284477,-1.663994,-1.67675,-5.027528,-5.03253,1.031296,1.036797,4.175706,4.182357,0,0,0,0,0,0,0,0,0,0,0,0,0,0,0,0,0,0,0,0,0,0,0,0
355,0,0,0,0,0,0,0,0,0,0,0,0,1.098449,1.10693,3.566957,3.584478,-1.186316,-1.199267,-5.289522,-5.293639,0.771049,0.777429,4.27067,4.275451,0,0,0,0,0,0,0,0,0,0,0,0,0,0,0,0,0,0,0,0,0,0,0,0
359,0,0,0,0,0,0,0,0,0,0,0,0,0.628477,0.633347,3.832544,3.851218,-0.735081,-0.74799,-5.475333,-5.478649,0.507812,0.515074,4.308331,4.311355,0,0,0,0,0,0,0,0,0,0,0,0,0,0,0,0,0,0,0,0,0,0,0,0
362,0,0,0,0,0,0,0,0,0,0,0,0,0.33775,0.34033,4.032528,4.051586,-0.3878,-0.400438,-5.562942,-5.565748,0.265385,0.273033,4.267297,4.269169,0,0,0,0,0,0,0,0,0,0,0,0,0,0,0,0,0,0,0,0,0,0,0,0
366,0,0,0,0,0,0,0,0,0,0,0,0,0,0,4.194022,4.212662,-0.008154,-0.020174,-5.58618,-5.588465,-0.018661,-0.010383,4.223063,4.223707,0,0,0,0,0,0,0,0,0,0,0,0,0,0,0,0,0,0,0,0,0,0,0,0
370,0,0,0,0,0,0,0,0,0,0,0,0,0,0,4.243518,4.261752,0.275509,0.264077,-5.570159,-5.572001,-0.397993,-0.389392,4.082334,4.081565,0.311556,0.312162,0,0,0,0,0,0,0,0,0,0,0,0,0,0,0,0,0,0,0,0,0,0
374,0,0,0,0,0,0,0,0,0,0,0,0,0,0,4.24392,4.258754,0.550147,0.540771,-5.457034,-5.458661,-0.827858,-0.818808,3.878203,3.877978,0.711119,0.709029,0,0,0,0,0,0,0,0,0,0,0,0,0,0,0,0,0,0,0,0,0,0
377,0,0,0,0,0,0,0,0,0,0,0,0,0,0,4.243139,4.255998,0.791802,0.783932,-5.306085,-5.307321,-1.206543,-1.197258,3.658375,3.658502,1.028728,1.025609,0,0,0,0,0,0,0,0,0,0,0,0,0,0,0,0,0,0,0,0,0,0
381,0,0,0,0,0,0,0,0,0,0,0,0,0,0,4.142942,4.15272,1.059395,1.053472,-5.046423,-5.047387,-1.693028,-1.683617,3.377742,3.378697,1.516594,1.511922,0,0,0,0,0,0,0,0,0,0,0,0,0,0,0,0,0,0,0,0,0,0
385,0,0,0,0,0,0,0,0,0,0,0,0,0,0,3.978907,3.987677,1.32858,1.324041,-4.719438,-4.72022,-2.194786,-2.185583,3.070929,3.073407,2.020773,2.014416,0,0,0,0,0,0,0,0,0,0,0,0,0,0,0,0,0,0,0,0,0,0
389,0,0,0,0,0,0,0,0,0,0,0,0,0,0,3.749359,3.752981,1.604601,1.602511,-4.335481,-4.335572,-2.70209,-2.692795,2.750608,2.754863,2.516772,2.508658,0,0,0,0,0,0,0,0,0,0,0,0,0,0,0,0,0,0,0,0,0,0
392,0,0,0,0,0,0,0,0,0,0,0,0,0,0,3.561591,3.563232,1.858046,1.857121,-3.999644,-3.999375,-3.102462,-3.09358,2.472412,2.478401,2.841767,2.832243,0,0,0,0,0,0,0,0,0,0,0,0,0,0,0,0,0,0,0,0,0,0
396,0,0,0,0,0,0,0,0,0,0,0,0,0,0,3.209316,3.208864,2.158706,2.159014,-3.54561,-3.544568,-3.587332,-3.578908,2.159141,2.16796,3.260728,3.249496,0,0,0,0,0,0,0,0,0,0,0,0,0,0,0,0,0,0,0,0,0,0
400,0,0,0,0,0,0,0,0,0,0,0,0,0,0,2.789781,2.787985,2.47861,2.47933,-3.06877,-3.067216,-4.044269,-4.037039,1.865578,1.87744,3.607245,3.594265,0,0,0,0,0,0,0,0,0,0,0,0,0,0,0,0,0,0,0,0,0,0
404,0,0,0,0,0,0,0,0,0,0,0,0,0,0,2.322211,2.319737,2.806985,2.807681,-2.579908,-2.577742,-4.462484,-4.456546,1.588312,1.603511,3.880298,3.865683,0,0,0,0,0,0,0,0,0,0,0,0,0,0,0,0,0,0,0,0,0,0
407,0,0,0,0,0,0,0,0,0,0,0,0,0,0,1.978339,1.975796,3.086244,3.086732,-2.183338,-2.180534,-4.75848,-4.753557,1.347345,1.365078,4.006942,3.991385,0,0,0,0,0,0,0,0,0,0,0,0,0,0,0,0,0,0,0,0,0,0
411,0,0,0,0,0,0,0,0,0,0,0,0,0,0,1.483065,1.480742,3.396861,3.396651,-1.694172,-1.690737,-5.079527,-5.076085,1.08214,1.103035,4.159116,4.142474,0,0,0,0,0,0,0,0,0,0,0,0,0,0,0,0,0,0,0,0,0,0
415,0,0,0,0,0,0,0,0,0,0,0,0,0,0,1.005446,1.003681,3.679261,3.678252,-1.220138,-1.215999,-5.332323,-5.33016,0.816519,0.840268,4.250563,4.233354,0,0,0,0,0,0,0,0,0,0,0,0,0,0,0,0,0,0,0,0,0,0
419,0,0,0,0,0,0,0,0,0,0,0,0,0,0,0.569385,0.568287,3.920407,3.918346,-0.771082,-0.766617,-5.506654,-5.505843,0.544849,0.570649,4.286883,4.26955,0,0,0,0,0,0,0,0,0,0,0,0,0,0,0,0,0,0,0,0,0,0
422,0,0,0,0,0,0,0,0,0,0,0,0,0,0,0.305857,0.305333,4.100253,4.097449,-0.424528,-0.419935,-5.585844,-5.585948,0.295221,0.321996,4.246497,4.229532,0,0,0,0,0,0,0,0,0,0,0,0,0,0,0,0,0,0,0,0,0,0
426,0,0,0,0,0,0,0,0,0,0,0,0,0,0,0,0,4.236903,4.233255,-0.044444,-0.039732,-5.599708,-5.600715,0.002143,0.029299,4.204699,4.188753,0,0,0,0,0,0,0,0,0,0,0,0,0,0,0,0,0,0,0,0,0,0
430,0,0,0,0,0,0,0,0,0,0,0,0,0,0,0,0,4.272784,4.268469,0.246918,0.251604,-5.57475,-5.576304,-0.385534,-0.359139,4.065349,4.051197,0.313151,0.31251,0,0,0,0,0,0,0,0,0,0,0,0,0,0,0,0,0,0,0,0
434,0,0,0,0,0,0,0,0,0,0,0,0,0,0,0,0,4.263447,4.258938,0.52748,0.532133,-5.457311,-5.458865,-0.821055,-0.796315,3.865271,3.85375,0.711692,0.710234,0,0,0,0,0,0,0,0,0,0,0,0,0,0,0,0,0,0,0,0
437,0,0,0,0,0,0,0,0,0,0,0,0,0,0,0,0,4.257399,4.252831,0.772908,0.777524,-5.304712,-5.305893,-1.202472,-1.179571,3.648467,3.639184,1.028972,1.026823,0,0,0,0,0,0,0,0,0,0,0,0,0,0,0,0,0,0,0,0
441,0,0,0,0,0,0,0,0,0,0,0,0,0,0,0,0,4.153059,4.148585,1.044837,1.049221,-5.04529,-5.045916,-1.691382,-1.671546,3.372082,3.366178,1.516142,1.513013,0,0,0,0,0,0,0,0,0,0,0,0,0,0,0,0,0,0,0,0
445,0,0,0,0,0,0,0,0,0,0,0,0,0,0,0,0,3.987454,3.983189,1.317381,1.321517,-4.719429,-4.719257,-2.194568,-2.178395,3.069328,3.066889,2.019591,2.015392,0,0,0,0,0,0,0,0,0,0,0,0,0,0,0,0,0,0,0,0
449,0,0,0,0,0,0,0,0,0,0,0,0,0,0,0,0,3.757506,3.753564,1.596219,1.600045,-4.338265,-4.33722,-2.70118,-2.688985,2.752332,2.753452,2.514171,2.50899,0,0,0,0,0,0,0,0,0,0,0,0,0,0,0,0,0,0,0,0
452,0,0,0,0,0,0,0,0,0,0,0,0,0,0,0,0,3.569939,3.566334,1.850928,1.854627,-4.003745,-4.001911,-3.100655,-3.091606,2.475786,2.479501,2.837977,2.832098,0,0,0,0,0,0,0,0,0,0,0,0,0,0,0,0,0,0,0,0
456,0,0,0,0,0,0,0,0,0,0,0,0,0,0,0,0,3.21838,3.215252,2.152717,2.156258,-3.550665,-3.547698,-3.583737,-3.578702,2.163677,2.170729,3.255898,3.249257,0,0,0,0,0,0,0,0,0,0,0,0,0,0,0,0,0,0,0,0
460,0,0,0,0,0,0,0,0,0,0,0,0,0,0,0,0,2.798835,2.796127,2.472389,2.475732,-3.073237,-3.069399,-4.038014,-4.037121,1.869838,1.87971,3.601591,3.594367,0,0,0,0,0,0,0,0,0,0,0,0,0,0,0,0,0,0,0,0
464,0,0,0,0,0,0,0,0,0,0,0,0,0,0,0,0,2.330808,2.328589,2.799728,2.803022,-2.582775,-2.578015,-4.453668,-4.456418,1.591365,1.603749,3.874621,3.866877,0,0,0,0,0,0,0,0,0,0,0,0,0,0,0,0,0,0,0,0
467,0,0,0,0,0,0,0,0,0,0,0,0,0,0,0,0,1.98609,1.984265,3.077669,3.080939,-2.184456,-2.178925,-4.747275,-4.752547,1.349328,1.36323,4.001653,3.993626,0,0,0,0,0,0,0,0,0,0,0,0,0,0,0,0,0,0,0,0
471,0,0,0,0,0,0,0,0,0,0,0,0,0,0,0,0,1.489326,1.487984,3.385968,3.389148,-1.69269,-1.686388,-5.065481,-5.073652,1.082325,1.09796,4.154714,4.1465,0,0,0,0,0,0,0,0,0,0,0,0,0,0,0,0,0,0,0,0
475,0,0,0,0,0,0,0,0,0,0,0,0,0,0,0,0,1.00998,1.00903,3.66602,3.669233,-1.215899,-1.208846,-5.315913,-5.326287,0.814981,0.831862,4.247308,4.239086,0,0,0,0,0,0,0,0,0,0,0,0,0,0,0,0,0,0,0,0
479,0,0,0,0,0,0,0,0,0,0,0,0,0,0,0,0,0.572224,0.571715,3.905421,3.907971,-0.764569,-0.756988,-5.488753,-5.500797,0.541981,0.559601,4.285453,4.277021,0,0,0,0,0,0,0,0,0,0,0,0,0,0,0,0,0,0,0,0
482,0,0,0,0,0,0,0,0,0,0,0,0,0,0,0,0,0.307441,0.307069,4.084257,4.086281,-0.41648,-0.408528,-5.567088,-5.579986,0.291822,0.309415,4.246271,4.237763,0,0,0,0,0,0,0,0,0,0,0,0,0,0,0,0,0,0,0,0
486,0,0,0,0,0,0,0,0,0,0,0,0,0,0,0,0,0,0,4.2205,4.221653,-0.035038,-0.026999,-5.581165,-5.594443,-0.001382,0.015799,4.20573,4.197213,0,0,0,0,0,0,0,0,0,0,0,0,0,0,0,0,0,0,0,0
490,0,0,0,0,0,0,0,0,0,0,0,0,0,0,0,0,0,0,4.257984,4.25655,0.256688,0.264675,-5.557835,-5.571366,-0.388033,-0.370677,4.06796,4.059447,0.310563,0.312316,0,0,0,0,0,0,0,0,0,0,0,0,0,0,0,0,0,0
494,0,0,0,0,0,0,0,0,0,0,0,0,0,0,0,0,0,0,4.248973,4.243455,0.540425,0.544996,-5.44345,-5.450456,-0.823617,-0.814488,3.869755,3.86533,0.708404,0.716281,0,0,0,0,0,0,0,0,0,0,0,0,0,0,0,0,0,0
497,0,0,0,0,0,0,0,0,0,0,0,0,0,0,0,0,0,0,4.246767,4.244545,0.781304,0.789516,-5.291757,-5.304567,-1.200752,-1.186653,3.654294,3.645561,1.021151,1.026552,0,0,0,0,0,0,0,0,0,0,0,0,0,0,0,0,0,0
501,0,0,0,0,0,0,0,0,0,0,0,0,0,0,0,0,0,0,4.146213,4.14181,1.052531,1.059295,-5.036081,-5.045523,-1.685511,-1.675293,3.379143,3.370319,1.504699,1.51264,0,0,0,0,0,0,0,0,0,0,0,0,0,0,0,0,0,0
505,0,0,0,0,0,0,0,0,0,0,0,0,0,0,0,0,0,0,3.984774,3.978935,1.323601,1.330378,-4.71328,-4.721083,-2.185781,-2.178226,3.077344,3.068828,2.004615,2.014895,0,0,0,0,0,0,0,0,0,0,0,0,0,0,0,0,0,0
509,0,0,0,0,0,0,0,0,0,0,0,0,0,0,0,0,0,0,3.758814,3.751822,1.600439,1.60758,-4.334458,-4.34122,-2.689633,-2.684995,2.76133,2.753339,2.496324,2.508586,0,0,0,0,0,0,0,0,0,0,0,0,0,0,0,0,0,0
512,0,0,0,0,0,0,0,0,0,0,0,0,0,0,0,0,0,0,3.573736,3.566138,1.853627,1.861243,-4.001353,-4.00719,-3.08752,-3.085278,2.485438,2.477804,2.818693,2.831881,0,0,0,0,0,0,0,0,0,0,0,0,0,0,0,0,0,0
516,0,0,0,0,0,0,0,0,0,0,0,0,0,0,0,0,0,0,3.224404,3.216496,2.152794,2.161696,-3.548972,-3.554048,-3.569141,-3.569571,2.17386,2.167414,3.235357,3.249439,0,0,0,0,0,0,0,0,0,0,0,0,0,0,0,0,0,0
520,0,0,0,0,0,0,0,0,0,0,0,0,0,0,0,0,0,0,2.806262,2.798581,2.470114,2.480772,-3.071203,-3.076472,-4.023757,-4.026846,1.880416,1.875443,3.581415,3.595515,0,0,0,0,0,0,0,0,0,0,0,0,0,0,0,0,0,0
524,0,0,0,0,0,0,0,0,0,0,0,0,0,0,0,0,0,0,2.33834,2.331426,2.794905,2.807795,-2.579135,-2.58504,-4.440309,-4.445768,1.602051,1.598884,3.855599,3.869082,0,0,0,0,0,0,0,0,0,0,0,0,0,0,0,0,0,0
527,0,0,0,0,0,0,0,0,0,0,0,0,0,0,0,0,0,0,1.993329,1.986864,3.070956,3.085929,-2.179178,-2.185378,-4.735587,-4.742889,1.359996,1.358121,3.984441,3.997108,0,0,0,0,0,0,0,0,0,0,0,0,0,0,0,0,0,0
531,0,0,0,0,0,0,0,0,0,0,0,0,0,0,0,0,0,0,1.49526,1.490529,3.377055,3.394443,-1.684928,-1.692766,-5.05621,-5.064827,1.092899,1.093143,4.139817,4.151153,0,0,0,0,0,0,0,0,0,0,0,0,0,0,0,0,0,0
535,0,0,0,0,0,0,0,0,0,0,0,0,0,0,0,0,0,0,1.014354,1.011081,3.655316,3.675075,-1.205446,-1.21457,-5.309349,-5.319136,0.825314,0.827413,4.235111,4.245106,0,0,0,0,0,0,0,0,0,0,0,0,0,0,0,0,0,0
539,0,0,0,0,0,0,0,0,0,0,0,0,0,0,0,0,0,0,0.574953,0.573001,3.893243,3.914779,-0.751391,-0.762098,-5.484964,-5.495824,0.552257,0.555577,4.275727,4.284415,0,0,0,0,0,0,0,0,0,0,0,0,0,0,0,0,0,0
542,0,0,0,0,0,0,0,0,0,0,0,0,0,0,0,0,0,0,0.308744,0.307788,4.071086,4.093772,-0.401795,-0.413409,-5.565422,-5.576706,0.301937,0.305925,4.238158,4.246106,0,0,0,0,0,0,0,0,0,0,0,0,0,0,0,0,0,0
546,0,0,0,0,0,0,0,0,0,0,0,0,0,0,0,0,0,0,0,0,4.207109,4.230392,-0.018924,-0.031544,-5.581867,-5.593143,0.008639,0.012919,4.199262,4.20661,0,0,0,0,0,0,0,0,0,0,0,0,0,0,0,0,0,0
550,0,0,0,0,0,0,0,0,0,0,0,0,0,0,0,0,0,0,0,0,4.244391,4.267399,0.272812,0.260024,-5.560924,-5.571378,-0.377941,-0.3739,4.062247,4.069643,0.312358,0.311813,0,0,0,0,0,0,0,0,0,0,0,0,0,0,0,0
554,0,0,0,0,0,0,0,0,0,0,0,0,0,0,0,0,0,0,0,0,4.238654,4.260493,0.552574,0.539757,-5.447616,-5.456942,-0.811326,-0.808386,3.863759,3.871635,0.709684,0.708541,0,0,0,0,0,0,0,0,0,0,0,0,0,0,0,0
557,0,0,0,0,0,0,0,0,0,0,0,0,0,0,0,0,0,0,0,0,4.236095,4.256935,0.796657,0.784291,-5.298125,-5.306392,-1.190997,-1.18915,3.647563,3.655887,1.025732,1.02421,0,0,0,0,0,0,0,0,0,0,0,0,0,0,0,0
561,0,0,0,0,0,0,0,0,0,0,0,0,0,0,0,0,0,0,0,0,4.137104,4.155856,1.065666,1.054183,-5.042454,-5.049353,-1.676927,-1.676652,3.37161,3.380403,1.510769,1.508902,0,0,0,0,0,0,0,0,0,0,0,0,0,0,0,0
565,0,0,0,0,0,0,0,0,0,0,0,0,0,0,0,0,0,0,0,0,3.977571,3.994081,1.33516,1.324998,-4.720271,-4.725441,-2.177692,-2.179791,3.068462,3.078544,2.012469,2.010425,0,0,0,0,0,0,0,0,0,0,0,0,0,0,0,0
569,0,0,0,0,0,0,0,0,0,0,0,0,0,0,0,0,0,0,0,0,3.753515,3.767505,1.610391,1.601857,-4.342102,-4.345875,-2.682234,-2.686456,2.751499,2.762241,2.50528,2.503565,0,0,0,0,0,0,0,0,0,0,0,0,0,0,0,0
572,0,0,0,0,0,0,0,0,0,0,0,0,0,0,0,0,0,0,0,0,3.569685,3.581873,1.862178,1.855216,-4.009028,-4.011711,-3.080517,-3.086316,2.474976,2.4861,2.827648,2.826555,0,0,0,0,0,0,0,0,0,0,0,0,0,0,0,0
576,0,0,0,0,0,0,0,0,0,0,0,0,0,0,0,0,0,0,0,0,3.221976,3.231918,2.160152,2.155592,-3.557046,-3.55862,-3.563098,-3.570393,2.163223,2.174482,3.24404,3.244382,0,0,0,0,0,0,0,0,0,0,0,0,0,0,0,0
580,0,0,0,0,0,0,0,0,0,0,0,0,0,0,0,0,0,0,0,0,2.804796,2.81258,2.476501,2.474504,-3.079675,-3.080486,-4.01837,-4.027379,1.870401,1.880784,3.588378,3.591174,0,0,0,0,0,0,0,0,0,0,0,0,0,0,0,0
584,0,0,0,0,0,0,0,0,0,0,0,0,0,0,0,0,0,0,0,0,2.337615,2.343626,2.800705,2.801604,-2.587728,-2.588671,-4.436142,-4.445672,1.592784,1.602874,3.860431,3.865726,0,0,0,0,0,0,0,0,0,0,0,0,0,0,0,0
587,0,0,0,0,0,0,0,0,0,0,0,0,0,0,0,0,0,0,0,0,1.99315,1.997937,3.076972,3.079948,-2.188044,-2.189248,-4.732362,-4.742367,1.351827,1.360969,3.987048,3.994508,0,0,0,0,0,0,0,0,0,0,0,0,0,0,0,0
591,0,0,0,0,0,0,0,0,0,0,0,0,0,0,0,0,0,0,0,0,1.495445,1.498826,3.382782,3.388694,-1.693921,-1.695546,-5.053882,-5.064054,1.086261,1.094363,4.139597,4.150074,0,0,0,0,0,0,0,0,0,0,0,0,0,0,0,0
595,0,0,0,0,0,0,0,0,0,0,0,0,0,0,0,0,0,0,0,0,1.014886,1.0161,3.660282,3.669043,-1.213752,-1.215829,-5.308523,-5.318376,0.820512,0.827374,4.232354,4.245134,0,0,0,0,0,0,0,0,0,0,0,0,0,0,0,0
599,0,0,0,0,0,0,0,0,0,0,0,0,0,0,0,0,0,0,0,0,0.575177,0.576352,3.898067,3.909516,-0.760655,-0.763902,-5.484124,-5.493941,0.548417,0.554605,4.270105,4.285522,0,0,0,0,0,0,0,0,0,0,0,0,0,0,0,0
602,0,0,0,0,0,0,0,0,0,0,0,0,0,0,0,0,0,0,0,0,0.308904,0.309535,4.075426,4.088758,-0.410909,-0.414917,-5.564922,-5.574435,0.298761,0.304363,4.23103,4.247514,0,0,0,0,0,0,0,0,0,0,0,0,0,0,0,0
606,0,0,0,0,0,0,0,0,0,0,0,0,0,0,0,0,0,0,0,0,0,0,4.210127,4.225557,-0.027587,-0.03279,-5.581212,-5.590189,0.005713,0.011072,4.1908,4.207814,0,0,0,0,0,0,0,0,0,0,0,0,0,0,0,0
610,0,0,0,0,0,0,0,0,0,0,0,0,0,0,0,0,0,0,0,0,0,0,4.245575,4.262707,0.265072,0.258738,-5.559664,-5.568036,-0.381395,-0.376055,4.053152,4.069411,0.31252,0.313094,0,0,0,0,0,0,0,0,0,0,0,0,0,0
614,0,0,0,0,0,0,0,0,0,0,0,0,0,0,0,0,0,0,0,0,0,0,4.237524,4.256076,0.545699,0.538459,-5.445859,-5.45341,-0.816119,-0.810313,3.854901,3.869404,0.710113,0.711456,0,0,0,0,0,0,0,0,0,0,0,0,0,0
617,0,0,0,0,0,0,0,0,0,0,0,0,0,0,0,0,0,0,0,0,0,0,4.233257,4.252662,0.790529,0.782972,-5.295924,-5.302566,-1.196829,-1.19057,3.639045,3.651893,1.026273,1.028181,0,0,0,0,0,0,0,0,0,0,0,0,0,0
621,0,0,0,0,0,0,0,0,0,0,0,0,0,0,0,0,0,0,0,0,0,0,4.131874,4.151903,1.060805,1.053015,-5.039638,-5.045255,-1.684371,-1.677652,3.363835,3.374315,1.511736,1.514264,0,0,0,0,0,0,0,0,0,0,0,0,0,0
625,0,0,0,0,0,0,0,0,0,0,0,0,0,0,0,0,0,0,0,0,0,0,3.970115,3.990316,1.331285,1.323797,-4.717052,-4.721496,-2.186477,-2.179415,3.06186,3.070164,2.013155,2.016093,0,0,0,0,0,0,0,0,0,0,0,0,0,0
629,0,0,0,0,0,0,0,0,0,0,0,0,0,0,0,0,0,0,0,0,0,0,3.744323,3.764069,1.607462,1.600888,-4.339017,-4.342168,-2.691776,-2.68469,2.745766,2.752392,2.505624,2.508775,0,0,0,0,0,0,0,0,0,0,0,0,0,0
632,0,0,0,0,0,0,0,0,0,0,0,0,0,0,0,0,0,0,0,0,0,0,3.559453,3.57865,1.859901,1.854499,-4.006589,-4.008717,-3.090243,-3.083566,2.470054,2.475788,2.827739,2.830905,0,0,0,0,0,0,0,0,0,0,0,0,0,0
636,0,0,0,0,0,0,0,0,0,0,0,0,0,0,0,0,0,0,0,0,0,0,3.211203,3.229183,2.158525,2.155677,-3.555898,-3.556768,-3.571837,-3.566262,2.158403,2.164956,3.243542,3.245853,0,0,0,0,0,0,0,0,0,0,0,0,0,0
640,0,0,0,0,0,0,0,0,0,0,0,0,0,0,0,0,0,0,0,0,0,0,2.794526,2.810504,2.47545,2.475582,-3.080652,-3.080691,-4.025237,-4.022065,1.86517,1.873448,3.587192,3.588183,0,0,0,0,0,0,0,0,0,0,0,0,0,0
644,0,0,0,0,0,0,0,0,0,0,0,0,0,0,0,0,0,0,0,0,0,0,2.328405,2.342012,2.800124,2.803976,-2.591504,-2.59056,-4.439569,-4.439353,1.587193,1.598482,3.857825,3.857004,0,0,0,0,0,0,0,0,0,0,0,0,0,0
647,0,0,0,0,0,0,0,0,0,0,0,0,0,0,0,0,0,0,0,0,0,0,1.984175,1.99773,3.076228,3.084699,-2.193994,-2.19409,-4.73343,-4.735724,1.345414,1.360452,3.983752,3.981613,0,0,0,0,0,0,0,0,0,0,0,0,0,0
651,0,0,0,0,0,0,0,0,0,0,0,0,0,0,0,0,0,0,0,0,0,0,1.489085,1.497961,3.382569,3.394112,-1.704112,-1.701514,-5.051411,-5.05679,1.080153,1.097721,4.135413,4.131402,0,0,0,0,0,0,0,0,0,0,0,0,0,0
655,0,0,0,0,0,0,0,0,0,0,0,0,0,0,0,0,0,0,0,0,0,0,1.010256,1.016372,3.661353,3.677322,-1.228483,-1.224964,-5.302789,-5.311219,0.814324,0.835247,4.227013,4.221341,0,0,0,0,0,0,0,0,0,0,0,0,0,0
659,0,0,0,0,0,0,0,0,0,0,0,0,0,0,0,0,0,0,0,0,0,0,0.572489,0.575978,3.899716,3.919862,-0.778232,-0.77384,-5.477419,-5.488608,0.543705,0.56699,4.264581,4.257623,0,0,0,0,0,0,0,0,0,0,0,0,0,0
662,0,0,0,0,0,0,0,0,0,0,0,0,0,0,0,0,0,0,0,0,0,0,0.307615,0.309534,4.078379,4.101623,-0.431032,-0.426051,-5.558099,-5.570674,0.295631,0.319815,4.225526,4.217909,0,0,0,0,0,0,0,0,0,0,0,0,0,0
666,0,0,0,0,0,0,0,0,0,0,0,0,0,0,0,0,0,0,0,0,0,0,0,0,4.215878,4.242229,-0.050473,-0.044501,-5.576654,-5.590708,0.005884,0.029205,4.18566,4.177944,0,0,0,0,0,0,0,0,0,0,0,0,0,0
670,0,0,0,0,0,0,0,0,0,0,0,0,0,0,0,0,0,0,0,0,0,0,0,0,4.254867,4.283805,0.240103,0.246955,-5.559318,-5.573205,-0.375576,-0.355136,4.049832,4.043025,0.306618,0.308664,0,0,0,0,0,0,0,0,0,0,0,0
674,0,0,0,0,0,0,0,0,0,0,0,0,0,0,0,0,0,0,0,0,0,0,0,0,4.251018,4.281794,0.519814,0.527602,-5.451023,-5.464166,-0.803596,-0.787542,3.854017,3.848813,0.696756,0.702141,0,0,0,0,0,0,0,0,0,0,0,0
677,0,0,0,0,0,0,0,0,0,0,0,0,0,0,0,0,0,0,0,0,0,0,0,0,4.250366,4.281961,0.76388,0.773307,-5.305452,-5.317135,-1.178964,-1.167467,3.640373,3.636368,1.007407,1.01412,0,0,0,0,0,0,0,0,0,0,0,0
681,0,0,0,0,0,0,0,0,0,0,0,0,0,0,0,0,0,0,0,0,0,0,0,0,4.153474,4.185486,1.033759,1.044205,-5.055824,-5.065324,-1.659035,-1.653977,3.368408,3.366674,1.485394,1.495094,0,0,0,0,0,0,0,0,0,0,0,0
685,0,0,0,0,0,0,0,0,0,0,0,0,0,0,0,0,0,0,0,0,0,0,0,0,3.995792,4.027537,1.304556,1.316386,-4.738326,-4.745061,-2.155247,-2.15692,3.069221,3.069199,1.980058,1.992887,0,0,0,0,0,0,0,0,0,0,0,0
689,0,0,0,0,0,0,0,0,0,0,0,0,0,0,0,0,0,0,0,0,0,0,0,0,3.77325,3.80389,1.581432,1.594263,-4.363906,-4.367793,-2.656078,-2.66405,2.755427,2.757058,2.467674,2.483365,0,0,0,0,0,0,0,0,0,0,0,0
692,0,0,0,0,0,0,0,0,0,0,0,0,0,0,0,0,0,0,0,0,0,0,0,0,3.590003,3.619419,1.834315,1.847899,-4.032528,-4.03419,-3.052521,-3.064534,2.480775,2.483272,2.787924,2.805416,0,0,0,0,0,0,0,0,0,0,0,0
696,0,0,0,0,0,0,0,0,0,0,0,0,0,0,0,0,0,0,0,0,0,0,0,0,3.242316,3.269355,2.133521,2.147778,-3.580567,-3.579566,-3.534258,-3.550269,2.170208,2.173238,3.204009,3.223554,0,0,0,0,0,0,0,0,0,0,0,0
700,0,0,0,0,0,0,0,0,0,0,0,0,0,0,0,0,0,0,0,0,0,0,0,0,2.824104,2.847937,2.450764,2.464956,-3.100093,-3.097472,-3.990969,-4.009491,1.877063,1.879101,3.551965,3.572949,0,0,0,0,0,0,0,0,0,0,0,0
704,0,0,0,0,0,0,0,0,0,0,0,0,0,0,0,0,0,0,0,0,0,0,0,0,2.354863,2.374988,2.775617,2.789456,-2.603589,-2.599424,-4.411176,-4.430475,1.597849,1.59889,3.830205,3.851858,0,0,0,0,0,0,0,0,0,0,0,0
707,0,0,0,0,0,0,0,0,0,0,0,0,0,0,0,0,0,0,0,0,0,0,0,0,2.008104,2.025204,3.051773,3.065556,-2.19927,-2.194381,-4.710709,-4.729665,1.355575,1.354933,3.963436,3.985069,0,0,0,0,0,0,0,0,0,0,0,0
711,0,0,0,0,0,0,0,0,0,0,0,0,0,0,0,0,0,0,0,0,0,0,0,0,1.507063,1.519753,3.358008,3.370841,-1.698944,-1.692802,-5.03719,-5.054442,1.088451,1.084149,4.125591,4.14718,0,0,0,0,0,0,0,0,0,0,0,0
715,0,0,0,0,0,0,0,0,0,0,0,0,0,0,0,0,0,0,0,0,0,0,0,0,1.022631,1.03153,3.637114,3.649184,-1.212602,-1.206839,-5.296774,-5.312473,0.819868,0.814231,4.227657,4.248819,0,0,0,0,0,0,0,0,0,0,0,0
719,0,0,0,0,0,0,0,0,0,0,0,0,0,0,0,0,0,0,0,0,0,0,0,0,0.579746,0.584848,3.876578,3.887321,-0.753062,-0.747347,-5.47881,-5.492396,0.546823,0.538303,4.274537,4.295143,0,0,0,0,0,0,0,0,0,0,0,0
722,0,0,0,0,0,0,0,0,0,0,0,0,0,0,0,0,0,0,0,0,0,0,0,0,0.311281,0.313898,4.056471,4.066233,-0.400251,-0.394454,-5.563923,-5.575869,0.296805,0.286309,4.241001,4.261022,0,0,0,0,0,0,0,0,0,0,0,0
726,0,0,0,0,0,0,0,0,0,0,0,0,0,0,0,0,0,0,0,0,0,0,0,0,0,0,4.196068,4.204405,-0.01489,-0.009088,-5.585664,-5.595536,0.004544,-0.008069,4.205446,4.225059,0,0,0,0,0,0,0,0,0,0,0,0
730,0,0,0,0,0,0,0,0,0,0,0,0,0,0,0,0,0,0,0,0,0,0,0,0,0,0,4.237599,4.244524,0.276244,0.282212,-5.568769,-5.576868,-0.379145,-0.393259,4.07035,4.089501,0.309284,0.309766,0,0,0,0,0,0,0,0,0,0
734,0,0,0,0,0,0,0,0,0,0,0,0,0,0,0,0,0,0,0,0,0,0,0,0,0,0,4.237026,4.242535,0.553248,0.559613,-5.457671,-5.464666,-0.808519,-0.823642,3.871962,3.890593,0.70264,0.703682,0,0,0,0,0,0,0,0,0,0
737,0,0,0,0,0,0,0,0,0,0,0,0,0,0,0,0,0,0,0,0,0,0,0,0,0,0,4.239371,4.244178,0.794571,0.801552,-5.309435,-5.315678,-1.185056,-1.200396,3.654833,3.673262,1.015461,1.017144,0,0,0,0,0,0,0,0,0,0
741,0,0,0,0,0,0,0,0,0,0,0,0,0,0,0,0,0,0,0,0,0,0,0,0,0,0,4.146543,4.149923,1.059081,1.067192,-5.054016,-5.060175,-1.666537,-1.68172,3.377165,3.394833,1.496475,1.498963,0,0,0,0,0,0,0,0,0,0
745,0,0,0,0,0,0,0,0,0,0,0,0,0,0,0,0,0,0,0,0,0,0,0,0,0,0,3.993021,3.995062,1.323827,1.333054,-4.730988,-4.737609,-2.162981,-2.177525,3.072134,3.089325,1.993856,1.997165,0,0,0,0,0,0,0,0,0,0
749,0,0,0,0,0,0,0,0,0,0,0,0,0,0,0,0,0,0,0,0,0,0,0,0,0,0,3.773648,3.77487,1.594303,1.605296,-4.351399,-4.359152,-2.663964,-2.677201,2.753495,2.769621,2.483313,2.487525,0,0,0,0,0,0,0,0,0,0
752,0,0,0,0,0,0,0,0,0,0,0,0,0,0,0,0,0,0,0,0,0,0,0,0,0,0,3.592338,3.593019,1.843051,1.855495,-4.016912,-4.025971,-3.060213,-3.072279,2.476386,2.491591,2.804069,2.80893,0,0,0,0,0,0,0,0,0,0
756,0,0,0,0,0,0,0,0,0,0,0,0,0,0,0,0,0,0,0,0,0,0,0,0,0,0,3.246287,3.246411,2.138339,2.153099,-3.56267,-3.573772,-3.541679,-3.551242,2.164319,2.178368,3.218951,3.224725,0,0,0,0,0,0,0,0,0,0
760,0,0,0,0,0,0,0,0,0,0,0,0,0,0,0,0,0,0,0,0,0,0,0,0,0,0,2.828947,2.82864,2.454336,2.471392,-3.08284,-3.09713,-3.998417,-4.005323,1.872374,1.884819,3.563714,3.570272,0,0,0,0,0,0,0,0,0,0
764,0,0,0,0,0,0,0,0,0,0,0,0,0,0,0,0,0,0,0,0,0,0,0,0,0,0,2.35949,2.359071,2.779869,2.799773,-2.588342,-2.605985,-4.418733,-4.422666,1.596739,1.607339,3.836496,3.843676,0,0,0,0,0,0,0,0,0,0
767,0,0,0,0,0,0,0,0,0,0,0,0,0,0,0,0,0,0,0,0,0,0,0,0,0,0,2.012629,2.012145,3.058041,3.079923,-2.18716,-2.207166,-4.718209,-4.719702,1.357698,1.366754,3.964884,3.972813,0,0,0,0,0,0,0,0,0,0
771,0,0,0,0,0,0,0,0,0,0,0,0,0,0,0,0,0,0,0,0,0,0,0,0,0,0,1.510704,1.510237,3.367202,3.391462,-1.691028,-1.714249,-5.044321,-5.042886,1.095157,1.102286,4.120063,4.128805,0,0,0,0,0,0,0,0,0,0
775,0,0,0,0,0,0,0,0,0,0,0,0,0,0,0,0,0,0,0,0,0,0,0,0,0,0,1.025431,1.025119,3.649586,3.675904,-1.209848,-1.235575,-5.303403,-5.299275,0.83188,0.83713,4.215168,4.224745,0,0,0,0,0,0,0,0,0,0
779,0,0,0,0,0,0,0,0,0,0,0,0,0,0,0,0,0,0,0,0,0,0,0,0,0,0,0.581358,0.581164,3.891267,3.919063,-0.75466,-0.781857,-5.484209,-5.478177,0.562466,0.565938,4.255628,4.2661,0,0,0,0,0,0,0,0,0,0
782,0,0,0,0,0,0,0,0,0,0,0,0,0,0,0,0,0,0,0,0,0,0,0,0,0,0,0.31191,0.312576,4.071582,4.100748,-0.404136,-0.431649,-5.568104,-5.561464,0.314149,0.316547,4.218567,4.229552,0,0,0,0,0,0,0,0,0,0
786,0,0,0,0,0,0,0,0,0,0,0,0,0,0,0,0,0,0,0,0,0,0,0,0,0,0,0,0,4.2106,4.239288,-0.021309,-0.04758,-5.587138,-5.580027,0.022788,0.023228,4.179595,4.191978,0,0,0,0,0,0,0,0,0,0
790,0,0,0,0,0,0,0,0,0,0,0,0,0,0,0,0,0,0,0,0,0,0,0,0,0,0,0,0,4.248552,4.276415,0.269444,0.246499,-5.566973,-5.560647,-0.363488,-0.364403,4.043206,4.056951,0.311814,0.313211,0,0,0,0,0,0,0,0
794,0,0,0,0,0,0,0,0,0,0,0,0,0,0,0,0,0,0,0,0,0,0,0,0,0,0,0,0,4.242203,4.268562,0.547643,0.529525,-5.452779,-5.448148,-0.798069,-0.800216,3.845634,3.860725,0.708597,0.711727,0,0,0,0,0,0,0,0
797,0,0,0,0,0,0,0,0,0,0,0,0,0,0,0,0,0,0,0,0,0,0,0,0,0,0,0,0,4.238548,4.264041,0.790462,0.777142,-5.301602,-5.298438,-1.179612,-1.182592,3.630272,3.64654,1.024304,1.029154,0,0,0,0,0,0,0,0
801,0,0,0,0,0,0,0,0,0,0,0,0,0,0,0,0,0,0,0,0,0,0,0,0,0,0,0,0,4.13791,4.160837,1.058004,1.050944,-5.04359,-5.042366,-1.66808,-1.671666,3.355246,3.373091,1.509019,1.515511,0,0,0,0,0,0,0,0
805,0,0,0,0,0,0,0,0,0,0,0,0,0,0,0,0,0,0,0,0,0,0,0,0,0,0,0,0,3.976383,3.99659,1.3265,1.325621,-4.718446,-4.719264,-2.172158,-2.176072,3.05378,3.072863,2.010067,2.017941,0,0,0,0,0,0,0,0
809,0,0,0,0,0,0,0,0,0,0,0,0,0,0,0,0,0,0,0,0,0,0,0,0,0,0,0,0,3.750164,3.76752,1.600817,1.605715,-4.337888,-4.340097,-2.679988,-2.684107,2.73851,2.758898,2.502423,2.511728,0,0,0,0,0,0,0,0
812,0,0,0,0,0,0,0,0,0,0,0,0,0,0,0,0,0,0,0,0,0,0,0,0,0,0,0,0,3.564597,3.579864,1.852162,1.860623,-4.003608,-4.006355,-3.080411,-3.084672,2.463606,2.484707,2.824842,2.834677,0,0,0,0,0,0,0,0
816,0,0,0,0,0,0,0,0,0,0,0,0,0,0,0,0,0,0,0,0,0,0,0,0,0,0,0,0,3.21539,3.228026,2.150989,2.162709,-3.551196,-3.553694,-3.565572,-3.569653,2.15383,2.17589,3.241099,3.250937,0,0,0,0,0,0,0,0
820,0,0,0,0,0,0,0,0,0,0,0,0,0,0,0,0,0,0,0,0,0,0,0,0,0,0,0,0,2.797758,2.807833,2.469397,2.482123,-3.075105,-3.076289,-4.023045,-4.027013,1.862909,1.88542,3.585767,3.594646,0,0,0,0,0,0,0,0
824,0,0,0,0,0,0,0,0,0,0,0,0,0,0,0,0,0,0,0,0,0,0,0,0,0,0,0,0,2.330669,2.338512,2.796632,2.808665,-2.585679,-2.584321,-4.441516,-4.445124,1.58717,1.609818,3.857363,3.86459,0,0,0,0,0,0,0,0
827,0,0,0,0,0,0,0,0,0,0,0,0,0,0,0,0,0,0,0,0,0,0,0,0,0,0,0,0,1.98708,1.993442,3.075623,3.08632,-2.189189,-2.185311,-4.738666,-4.74186,1.347788,1.370325,3.984724,3.990412,0,0,0,0,0,0,0,0
831,0,0,0,0,0,0,0,0,0,0,0,0,0,0,0,0,0,0,0,0,0,0,0,0,0,0,0,0,1.490357,1.494894,3.384577,3.392735,-1.699422,-1.691859,-5.059955,-5.062446,1.084166,1.106212,4.137849,4.141189,0,0,0,0,0,0,0,0
835,0,0,0,0,0,0,0,0,0,0,0,0,0,0,0,0,0,0,0,0,0,0,0,0,0,0,0,0,1.011092,1.014023,3.665689,3.670832,-1.224324,-1.213068,-5.313085,-5.314875,0.819619,0.840633,4.230904,4.231764,0,0,0,0,0,0,0,0
839,0,0,0,0,0,0,0,0,0,0,0,0,0,0,0,0,0,0,0,0,0,0,0,0,0,0,0,0,0.572992,0.574594,3.904991,3.907258,-0.774373,-0.759535,-5.48767,-5.488577,0.548765,0.56822,4.269438,4.268048,0,0,0,0,0,0,0,0
842,0,0,0,0,0,0,0,0,0,0,0,0,0,0,0,0,0,0,0,0,0,0,0,0,0,0,0,0,0.307931,0.308792,4.08325,4.083786,-0.427125,-0.409842,-5.56703,-5.567258,0.299508,0.317475,4.231062,4.228191,0,0,0,0,0,0,0,0
846,0,0,0,0,0,0,0,0,0,0,0,0,0,0,0,0,0,0,0,0,0,0,0,0,0,0,0,0,0,0,4.217102,4.21614,-0.046265,-0.026628,-5.580558,-5.579877,0.006588,0.021993,4.191559,4.187261,0,0,0,0,0,0,0,0
850,0,0,0,0,0,0,0,0,0,0,0,0,0,0,0,0,0,0,0,0,0,0,0,0,0,0,0,0,0,0,4.250338,4.24931,0.245761,0.266788,-5.556136,-5.554696,-0.381981,-0.369632,4.054376,4.049416,0.31466,0.317093,0,0,0,0,0,0
854,0,0,0,0,0,0,0,0,0,0,0,0,0,0,0,0,0,0,0,0,0,0,0,0,0,0,0,0,0,0,4.237552,4.239458,0.523837,0.54817,-5.439582,-5.432232,-0.813483,-0.810948,3.855435,3.84784,0.716988,0.716266,0,0,0,0,0,0
857,0,0,0,0,0,0,0,0,0,0,0,0,0,0,0,0,0,0,0,0,0,0,0,0,0,0,0,0,0,0,4.230361,4.231873,0.772704,0.794562,-5.286152,-5.283268,-1.201578,-1.195241,3.641114,3.636502,1.033543,1.041498,0,0,0,0,0,0
861,0,0,0,0,0,0,0,0,0,0,0,0,0,0,0,0,0,0,0,0,0,0,0,0,0,0,0,0,0,0,4.123394,4.127262,1.044687,1.066188,-5.026124,-5.022698,-1.692189,-1.68939,3.366409,3.362646,1.522086,1.533593,0,0,0,0,0,0
865,0,0,0,0,0,0,0,0,0,0,0,0,0,0,0,0,0,0,0,0,0,0,0,0,0,0,0,0,0,0,3.9563,3.962606,1.317553,1.338193,-4.699617,-4.695828,-2.197693,-2.199025,3.064953,3.062352,2.026682,2.041547,0,0,0,0,0,0
869,0,0,0,0,0,0,0,0,0,0,0,0,0,0,0,0,0,0,0,0,0,0,0,0,0,0,0,0,0,0,3.725692,3.73438,1.595834,1.615667,-4.317792,-4.314892,-2.706578,-2.710363,2.749951,2.748221,2.521853,2.539841,0,0,0,0,0,0
872,0,0,0,0,0,0,0,0,0,0,0,0,0,0,0,0,0,0,0,0,0,0,0,0,0,0,0,0,0,0,3.537726,3.547905,1.84935,1.86868,-3.982801,-3.980365,-3.107303,-3.112883,2.475079,2.474197,2.845881,2.865709,0,0,0,0,0,0
876,0,0,0,0,0,0,0,0,0,0,0,0,0,0,0,0,0,0,0,0,0,0,0,0,0,0,0,0,0,0,3.187312,3.198657,2.149301,2.168113,-3.52856,-3.527536,-3.592406,-3.599456,2.16496,2.165139,3.263161,3.28486,0,0,0,0,0,0
880,0,0,0,0,0,0,0,0,0,0,0,0,0,0,0,0,0,0,0,0,0,0,0,0,0,0,0,0,0,0,2.770573,2.781996,2.466792,2.485285,-3.0501,-3.051414,-4.048723,-4.05653,1.873416,1.874272,3.607432,3.629962,0,0,0,0,0,0
884,0,0,0,0,0,0,0,0,0,0,0,0,0,0,0,0,0,0,0,0,0,0,0,0,0,0,0,0,0,0,2.306203,2.316809,2.791285,2.809804,-2.557984,-2.562033,-4.465218,-4.472813,1.596875,1.598202,3.877424,3.899928,0,0,0,0,0,0
887,0,0,0,0,0,0,0,0,0,0,0,0,0,0,0,0,0,0,0,0,0,0,0,0,0,0,0,0,0,0,1.965499,1.975092,3.067487,3.086239,-2.159454,-2.165618,-4.760394,-4.767502,1.356778,1.358241,4.002818,4.02473,0,0,0,0,0,0
891,0,0,0,0,0,0,0,0,0,0,0,0,0,0,0,0,0,0,0,0,0,0,0,0,0,0,0,0,0,0,1.473301,1.480965,3.372206,3.391172,-1.667439,-1.67643,-5.078562,-5.084516,1.092573,1.09413,4.152935,4.17364,0,0,0,0,0,0
895,0,0,0,0,0,0,0,0,0,0,0,0,0,0,0,0,0,0,0,0,0,0,0,0,0,0,0,0,0,0,0.999088,1.0046,3.649552,3.668534,-1.190865,-1.202548,-5.328394,-5.333115,0.827707,0.829014,4.242418,4.261535,0,0,0,0,0,0
899,0,0,0,0,0,0,0,0,0,0,0,0,0,0,0,0,0,0,0,0,0,0,0,0,0,0,0,0,0,0,0.565993,0.569277,3.886155,3.904971,-0.740599,-0.754415,-5.499626,-5.503188,0.557035,0.557843,4.277331,4.294529,0,0,0,0,0,0
902,0,0,0,0,0,0,0,0,0,0,0,0,0,0,0,0,0,0,0,0,0,0,0,0,0,0,0,0,0,0,0.304226,0.305965,4.063323,4.081853,-0.394253,-0.40896,-5.576458,-5.57948,0.308119,0.308302,4.236003,4.251579,0,0,0,0,0,0
906,0,0,0,0,0,0,0,0,0,0,0,0,0,0,0,0,0,0,0,0,0,0,0,0,0,0,0,0,0,0,0,0,4.19821,4.215875,-0.015994,-0.031086,-5.587025,-5.589617,0.016312,0.015534,4.192879,4.206474,0,0,0,0,0,0
910,0,0,0,0,0,0,0,0,0,0,0,0,0,0,0,0,0,0,0,0,0,0,0,0,0,0,0,0,0,0,0,0,4.235756,4.252178,0.27188,0.257813,-5.560342,-5.562874,-0.370865,-0.372621,4.052259,4.063945,0.315832,0.315923,0,0,0,0
914,0,0,0,0,0,0,0,0,0,0,0,0,0,0,0,0,0,0,0,0,0,0,0,0,0,0,0,0,0,0,0,0,4.229916,4.244799,0.547264,0.535661,-5.441283,-5.444206,-0.805754,-0.8086,3.851351,3.861295,0.717115,0.717361,0,0,0,0
917,0,0,0,0,0,0,0,0,0,0,0,0,0,0,0,0,0,0,0,0,0,0,0,0,0,0,0,0,0,0,0,0,4.227755,4.241359,0.788285,0.779377,-5.2881,-5.291628,-1.18713,-1.190864,3.634232,3.642917,1.036204,1.036565,0,0,0,0
921,0,0,0,0,0,0,0,0,0,0,0,0,0,0,0,0,0,0,0,0,0,0,0,0,0,0,0,0,0,0,0,0,4.128953,4.140643,1.053818,1.049012,-5.028425,-5.033104,-1.67567,-1.680636,3.358291,3.365561,1.524972,1.525556,0,0,0,0
925,0,0,0,0,0,0,0,0,0,0,0,0,0,0,0,0,0,0,0,0,0,0,0,0,0,0,0,0,0,0,0,0,3.970111,3.979858,1.321184,1.321086,-4.703774,-4.709618,-2.179519,-2.185513,3.057005,3.063058,2.028558,2.029524,0,0,0,0
929,0,0,0,0,0,0,0,0,0,0,0,0,0,0,0,0,0,0,0,0,0,0,0,0,0,0,0,0,0,0,0,0,3.746505,3.75433,1.595612,1.600298,-4.324931,-4.332511,-2.686799,-2.693843,2.743513,2.748844,2.521753,2.523136,0,0,0,0
932,0,0,0,0,0,0,0,0,0,0,0,0,0,0,0,0,0,0,0,0,0,0,0,0,0,0,0,0,0,0,0,0,3.562795,3.569383,1.847775,1.856392,-3.993051,-4.001765,-3.086914,-3.094411,2.471098,2.476014,2.842941,2.844697,0,0,0,0
936,0,0,0,0,0,0,0,0,0,0,0,0,0,0,0,0,0,0,0,0,0,0,0,0,0,0,0,0,0,0,0,0,3.215691,3.220746,2.149146,2.162377,-3.544878,-3.555006,-3.571375,-3.579418,2.166176,2.170989,3.254743,3.257178,0,0,0,0
940,0,0,0,0,0,0,0,0,0,0,0,0,0,0,0,0,0,0,0,0,0,0,0,0,0,0,0,0,0,0,0,0,2.799383,2.803084,2.471881,2.489078,-3.073954,-3.086,-4.027814,-4.036623,1.882036,1.886967,3.591589,3.594568,0,0,0,0
944,0,0,0,0,0,0,0,0,0,0,0,0,0,0,0,0,0,0,0,0,0,0,0,0,0,0,0,0,0,0,0,0,2.332731,2.335368,2.80478,2.824822,-2.590042,-2.603781,-4.445192,-4.454147,1.614188,1.6195,3.852047,3.856126,0,0,0,0
947,0,0,0,0,0,0,0,0,0,0,0,0,0,0,0,0,0,0,0,0,0,0,0,0,0,0,0,0,0,0,0,0,1.989424,1.991235,3.088691,3.110651,-2.19789,-2.212846,-4.741476,-4.750518,1.381137,1.386849,3.969862,3.974836,0,0,0,0
951,0,0,0,0,0,0,0,0,0,0,0,0,0,0,0,0,0,0,0,0,0,0,0,0,0,0,0,0,0,0,0,0,1.49253,1.493859,3.404935,3.428564,-1.714135,-1.730506,-5.061942,-5.071043,1.126272,1.132675,4.110518,4.116471,0,0,0,0
955,0,0,0,0,0,0,0,0,0,0,0,0,0,0,0,0,0,0,0,0,0,0,0,0,0,0,0,0,0,0,0,0,1.012636,1.013478,3.693271,3.717582,-1.244498,-1.262126,-5.314051,-5.32304,0.869649,0.876858,4.191098,4.198265,0,0,0,0
959,0,0,0,0,0,0,0,0,0,0,0,0,0,0,0,0,0,0,0,0,0,0,0,0,0,0,0,0,0,0,0,0,0.573982,0.574397,3.939682,3.96374,-0.799399,-0.817881,-5.488021,-5.496914,0.605426,0.613349,4.218992,4.227392,0,0,0,0
962,0,0,0,0,0,0,0,0,0,0,0,0,0,0,0,0,0,0,0,0,0,0,0,0,0,0,0,0,0,0,0,0,0.308449,0.30869,4.12267,4.145994,-0.454979,-0.47382,-5.566935,-5.575847,0.359763,0.367989,4.174051,4.183381,0,0,0,0
966,0,0,0,0,0,0,0,0,0,0,0,0,0,0,0,0,0,0,0,0,0,0,0,0,0,0,0,0,0,0,0,0,0,0,4.262069,4.28329,-0.076575,-0.095599,-5.580246,-5.588873,0.069207,0.077917,4.129173,4.139826,0,0,0,0
970,0,0,0,0,0,0,0,0,0,0,0,0,0,0,0,0,0,0,0,0,0,0,0,0,0,0,0,0,0,0,0,0,0,0,4.299314,4.317323,0.214372,0.195922,-5.556289,-5.564536,-0.319863,-0.311036,3.991102,4.003147,0.314244,0.31354,0,0
974,0,0,0,0,0,0,0,0,0,0,0,0,0,0,0,0,0,0,0,0,0,0,0,0,0,0,0,0,0,0,0,0,0,0,4.289851,4.30385,0.496595,0.479063,-5.440379,-5.447817,-0.759658,-0.750691,3.796147,3.809221,0.713471,0.712328,0,0
977,0,0,0,0,0,0,0,0,0,0,0,0,0,0,0,0,0,0,0,0,0,0,0,0,0,0,0,0,0,0,0,0,0,0,4.282752,4.293851,0.743696,0.727966,-5.28818,-5.295343,-1.146636,-1.137842,3.584741,3.599676,1.031281,1.028986,0,0
981,0,0,0,0,0,0,0,0,0,0,0,0,0,0,0,0,0,0,0,0,0,0,0,0,0,0,0,0,0,0,0,0,0,0,4.175837,4.182934,1.019234,1.005701,-5.030605,-5.036727,-1.643944,-1.635901,3.31839,3.334059,1.518181,1.515145,0,0
985,0,0,0,0,0,0,0,0,0,0,0,0,0,0,0,0,0,0,0,0,0,0,0,0,0,0,0,0,0,0,0,0,0,0,4.007598,4.010547,1.297017,1.286074,-4.707362,-4.712549,-2.157428,-2.150143,3.027107,3.043689,2.020245,2.016573,0,0
989,0,0,0,0,0,0,0,0,0,0,0,0,0,0,0,0,0,0,0,0,0,0,0,0,0,0,0,0,0,0,0,0,0,0,3.774616,3.773833,1.581949,1.573861,-4.329941,-4.334205,-2.674776,-2.668583,2.723415,2.74056,2.512673,2.508666,0,0
992,0,0,0,0,0,0,0,0,0,0,0,0,0,0,0,0,0,0,0,0,0,0,0,0,0,0,0,0,0,0,0,0,0,0,3.583976,3.581016,1.841224,1.835472,-3.998702,-4.002085,-3.081694,-3.076484,2.457525,2.474859,2.833862,2.829806,0,0
996,0,0,0,0,0,0,0,0,0,0,0,0,0,0,0,0,0,0,0,0,0,0,0,0,0,0,0,0,0,0,0,0,0,0,3.229158,3.223911,2.150217,2.147831,-3.550969,-3.553025,-3.574493,-3.570514,2.159576,2.17674,3.246647,3.243084,0,0
1000,0,0,0,0,0,0,0,0,0,0,0,0,0,0,0,0,0,0,0,0,0,0,0,0,0,0,0,0,0,0,0,0,0,0,2.807175,2.800746,2.477824,2.478883,-3.080284,-3.0811,-4.037736,-4.035289,1.87959,1.895978,3.585656,3.583212,0,0
1004,0,0,0,0,0,0,0,0,0,0,0,0,0,0,0,0,0,0,0,0,0,0,0,0,0,0,0,0,0,0,0,0,0,0,2.337031,2.330332,2.812634,2.817042,-2.596263,-2.595646,-4.459934,-4.459053,1.613253,1.628484,3.850355,3.849387,0,0
1007,0,0,0,0,0,0,0,0,0,0,0,0,0,0,0,0,0,0,0,0,0,0,0,0,0,0,0,0,0,0,0,0,0,0,1.990059,1.987369,3.095557,3.102771,-2.203611,-2.199427,-4.758097,-4.761011,1.379948,1.393857,3.972218,3.972853,0,0
1011,0,0,0,0,0,0,0,0,0,0,0,0,0,0,0,0,0,0,0,0,0,0,0,0,0,0,0,0,0,0,0,0,0,0,1.493522,1.488401,3.408481,3.418523,-1.716639,-1.713315,-5.080205,-5.082079,1.120908,1.133782,4.118333,4.121616,0,0
1015,0,0,0,0,0,0,0,0,0,0,0,0,0,0,0,0,0,0,0,0,0,0,0,0,0,0,0,0,0,0,0,0,0,0,1.013273,1.009435,3.689579,3.703193,-1.242477,-1.238341,-5.332283,-5.334808,0.858338,0.868997,4.20653,4.211449,0,0
1019,0,0,0,0,0,0,0,0,0,0,0,0,0,0,0,0,0,0,0,0,0,0,0,0,0,0,0,0,0,0,0,0,0,0,0.574704,0.572354,3.925493,3.941949,-0.790658,-0.785789,-5.504521,-5.507793,0.585588,0.594266,4.243062,4.250357,0,0
1022,0,0,0,0,0,0,0,0,0,0,0,0,0,0,0,0,0,0,0,0,0,0,0,0,0,0,0,0,0,0,0,0,0,0,0.308984,0.307691,4.097982,4.116123,-0.439132,-0.43438,-5.580835,-5.584366,0.331736,0.33925,4.205178,4.214508,0,0
1026,0,0,0,0,0,0,0,0,0,0,0,0,0,0,0,0,0,0,0,0,0,0,0,0,0,0,0,0,0,0,0,0,0,0,0,0,4.219815,4.240181,-0.04964,-0.044598,-5.588876,-5.59228,0.028543,0.034037,4.170726,4.181953,0,0
1030,0,0,0,0,0,0,0,0,0,0,0,0,0,0,0,0,0,0,0,0,0,0,0,0,0,0,0,0,0,0,0,0,0,0,0,0,4.236487,4.258276,0.25586,0.260136,-5.558902,-5.561896,-0.37732,-0.373477,4.041653,4.054761,0.322448,0.321963
1034,0,0,0,0,0,0,0,0,0,0,0,0,0,0,0,0,0,0,0,0,0,0,0,0,0,0,0,0,0,0,0,0,0,0,0,0,4.206244,4.22904,0.552071,0.555278,-5.436397,-5.438384,-0.833458,-0.830978,3.854306,3.869042,0.731231,0.730137
1037,0,0,0,0,0,0,0,0,0,0,0,0,0,0,0,0,0,0,0,0,0,0,0,0,0,0,0,0,0,0,0,0,0,0,0,0,4.186557,4.209765,0.808529,0.81082,-5.281082,-5.282064,-1.229713,-1.228176,3.646719,3.662456,1.055142,1.053573
1041,0,0,0,0,0,0,0,0,0,0,0,0,0,0,0,0,0,0,0,0,0,0,0,0,0,0,0,0,0,0,0,0,0,0,0,0,4.069501,4.092705,1.091076,1.091846,-5.019717,-5.019525,-1.732895,-1.732652,3.380651,3.397238,1.547586,1.545366
1045,0,0,0,0,0,0,0,0,0,0,0,0,0,0,0,0,0,0,0,0,0,0,0,0,0,0,0,0,0,0,0,0,0,0,0,0,3.903061,3.925732,1.367504,1.366815,-4.696174,-4.694775,-2.241221,-2.242247,3.083544,3.100603,2.05045,2.04752
1049,0,0,0,0,0,0,0,0,0,0,0,0,0,0,0,0,0,0,0,0,0,0,0,0,0,0,0,0,0,0,0,0,0,0,0,0,3.687742,3.709591,1.639208,1.637237,-4.322606,-4.320073,-2.738126,-2.740379,2.766352,2.783505,2.53649,2.533191
1052,0,0,0,0,0,0,0,0,0,0,0,0,0,0,0,0,0,0,0,0,0,0,0,0,0,0,0,0,0,0,0,0,0,0,0,0,3.524022,3.544936,1.879202,1.876637,-3.998318,-3.995041,-3.117968,-3.121069,2.484701,2.50162,2.847542,2.844205
1056,0,0,0,0,0,0,0,0,0,0,0,0,0,0,0,0,0,0,0,0,0,0,0,0,0,0,0,0,0,0,0,0,0,0,0,0,3.225258,3.244634,2.146598,2.143851,-3.566043,-3.562068,-3.554286,-3.558392,2.157353,2.173668,3.238309,3.234935
1060,0,0,0,0,0,0,0,0,0,0,0,0,0,0,0,0,0,0,0,0,0,0,0,0,0,0,0,0,0,0,0,0,0,0,0,0,2.882846,2.900317,2.413962,2.411751,-3.118759,-3.114414,-3.938827,-3.943831,1.839503,1.854778,3.546406,3.543472
1064,0,0,0,0,0,0,0,0,0,0,0,0,0,0,0,0,0,0,0,0,0,0,0,0,0,0,0,0,0,0,0,0,0,0,0,0,2.501014,2.516265,2.68,2.679121,-2.66132,-2.656869,-4.273915,-4.279515,1.533998,1.547908,3.779092,3.777037
1067,0,0,0,0,0,0,0,0,0,0,0,0,0,0,0,0,0,0,0,0,0,0,0,0,0,0,0,0,0,0,0,0,0,0,0,0,2.216229,2.229726,2.9136,2.913979,-2.286802,-2.282609,-4.512233,-4.518553,1.275151,1.287736,3.88208,3.880696
1071,0,0,0,0,0,0,0,0,0,0,0,0,0,0,0,0,0,0,0,0,0,0,0,0,0,0,0,0,0,0,0,0,0,0,0,0,1.777374,1.788386,3.173763,3.176758,-1.817573,-1.813916,-4.775508,-4.782238,0.992537,1.003314,4.015044,4.014923
1075,0,0,0,0,0,0,0,0,0,0,0,0,0,0,0,0,0,0,0,0,0,0,0,0,0,0,0,0,0,0,0,0,0,0,0,0,1.315119,1.323165,3.431867,3.437434,-1.345204,-1.34203,-5.009622,-5.016772,0.721435,0.730283,4.108585,4.110047
1079,0,0,0,0,0,0,0,0,0,0,0,0,0,0,0,0,0,0,0,0,0,0,0,0,0,0,0,0,0,0,0,0,0,0,0,0,0.83632,0.841398,3.688618,3.697253,-0.870924,-0.868386,-5.223098,-5.230617,0.460017,0.466748,4.175351,4.178394
1082,0,0,0,0,0,0,0,0,0,0,0,0,0,0,0,0,0,0,0,0,0,0,0,0,0,0,0,0,0,0,0,0,0,0,0,0,0.491576,0.494566,3.914392,3.925627,-0.48215,-0.479962,-5.37982,-5.387206,0.230483,0.235746,4.178776,4.183287
1086,0,0,0,0,0,0,0,0,0,0,0,0,0,0,0,0,0,0,0,0,0,0,0,0,0,0,0,0,0,0,0,0,0,0,0,0,0,0,4.172719,4.187338,-0.003095,-0.001653,-5.573301,-5.580804,-0.021486,-0.018336,4.222046,4.22846
